"app","bc","ug"
2543,"CO_09.1","NA_BG"
2543,"CS_03.4.3","NA_BG"
2543,"CS_03.9.1","NA_BG"
1002555,"CO_09.1","NA_BG"
2563,"CO_03.5","NA_BG"
2563,"CS_03.1.6","NA_BG"
2567,"CS_03.5.4","NA_BG"
2567,"CS_03.5.6","NA_BG"
2567,"EN_3.7","NA_BG"
2571,"EN_5.4","NA_BG"
2577,"CS_03.1.3","NA_BG"
2577,"CS_03.1.4","NA_BG"
2577,"CS_03.3.4","NA_BG"
2577,"CS_03.3.6","NA_BG"
2579,"CO_08.3","NA_BG"
2587,"CO_05.2","NA_BG"
2587,"CS_03.1.3","NA_BG"
2587,"EN_3.2","NA_BG"
2589,"CO_08.8","NA_BG"
2589,"CS_03.6.1","NA_BG"
2589,"CS_03.6.2","NA_BG"
2589,"CS_03.6.3","NA_BG"
2591,"CO_08.4","NA_BG"
2591,"CO_08.5","NA_BG"
2599,"CS_03.4.4","NA_BG"
2599,"CS_03.7.3","NA_BG"
2605,"CS_03.8.1","NA_BG"
2605,"CS_03.8.2","NA_BG"
2605,"CS_03.8.7","NA_BG"
2613,"CS_03.8.4","NA_BG"
2613,"CS_03.8.5","NA_BG"
2619,"CS_03.5.1","NA_BG"
2619,"CS_03.5.2","NA_BG"
2623,"CS_03.5.6","NA_BG"
2623,"CS_03.8.1","NA_BG"
2623,"CS_03.8.3","NA_BG"
2623,"CS_03.8.4","NA_BG"
2633,"CS_03.4.4","NA_BG"
2639,"CS_03.1.4","NA_BG"
2639,"CS_03.2.5","NA_BG"
2651,"CS_03.1.3","NA_BG"
2651,"CS_03.1.4","NA_BG"
2651,"CS_03.3.4","NA_BG"
1002665,"CO_07.3","NA_BG"
2701,"CO_06.6","NA_BG"
2855,"CO_09.1","NA_BG"
2855,"EN_5.5","NA_BG"
2857,"CO_03.3","NA_BG"
2857,"CS_03.5.1","NA_BG"
2863,"CS_03.1.3","NA_BG"
2863,"EN_3.1","NA_BG"
2863,"EN_5.5","NA_BG"
2891,"EN_5.7","NA_BG"
2903,"EN_4.1","NA_BG"
2929,"CO_03.3","NA_BG"
2929,"CS_03.6.5","NA_BG"
2929,"EN_5.7","NA_BG"
2971,"EN_2.1","NA_BG"
3291,"CO_03.3","NA_BG"
3291,"EN_5.9","NA_BG"
3337,"CO_06.4","NA_BG"
3349,"CO_08.8","NA_BG"
3371,"EN_5.5","NA_BG"
3529,"CO_04.6","NA_BG"
3529,"CO_04.7","NA_BG"
3743,"EN_1.3","NA_BG"
3743,"EN_5.5","NA_BG"
3751,"EN_2.3","NA_BG"
4345,"EN_1.3","NA_BG"
4395,"CS_03.5.1","NA_BG"
4653,"EN_5.6","NA_BG"
4853,"EN_5.5","NA_BG"
5609,"CO_06.3","NA_BG"
5701,"CO_6.3.3","NA_BG"
6193,"CO_6.3.4","NA_BG"
6273,"CO_09.2","NA_BG"
6351,"CO_6.3.5","NA_BG"
6393,"CO_06.1.5","NA_BG"
6675,"CO_08.13","NA_BG"
6675,"CO_08.2","NA_BG"
6681,"CO_06.1","NA_BG"
6681,"CO_08.2","NA_BG"
6683,"CO_6.3.4","NA_BG"
6685,"CO_07.2","NA_BG"
6715,"CO_03","NA_BG"
6717,"EN_5.5","NA_BG"
6729,"EN_5.5","NA_BG"
6741,"CO_07.3","NA_BG"
6745,"CO_07.3","NA_BG"
6749,"EN_5.5","NA_BG"
6817,"EN_3.5","NA_BG"
6865,"EN_4.2","NA_BG"
6867,"EN_5.4","NA_BG"
6873,"CO_6.3.8","NA_BG"
6873,"EN_5.4","NA_BG"
6903,"EN_2.1","NA_BG"
6903,"EN_2.2","NA_BG"
6903,"EN_2.3","NA_BG"
6905,"EN_2.1","NA_BG"
6905,"EN_2.2","NA_BG"
6909,"EN_5.7","NA_BG"
6919,"EN_2.3","NA_BG"
6929,"EN_2.1","NA_BG"
6935,"EN_1.6","NA_BG"
6947,"EN_4.1","NA_BG"
6973,"EN_1.2","NA_BG"
7007,"EN_2.1","NA_BG"
7007,"EN_2.2","NA_BG"
7007,"EN_2.3","NA_BG"
7009,"EN_1.6","NA_BG"
7033,"EN_1.5","NA_BG"
7035,"CS_03.5.1","NA_BG"
7035,"CS_03.5.2","NA_BG"
7035,"CS_03.5.3","NA_BG"
7035,"CS_03.5.4","NA_BG"
7035,"EN_3.1","NA_BG"
7379,"CO_6.3.4","NA_BG"
7618,"CO_6.3.3","NA_BG"
7672,"CO_06.2","NA_BG"
7774,"CS_03.1.2","NA_BG"
7774,"CS_03.1.3","NA_BG"
7774,"CS_03.1.4","NA_BG"
7774,"CS_03.1.5","NA_BG"
7774,"CS_03.1.6","NA_BG"
7774,"CS_03.1.8","NA_BG"
7774,"CS_03.2.1","NA_BG"
7774,"CS_03.2.2","NA_BG"
7774,"CS_03.4.4","NA_BG"
7774,"CS_03.5.1","NA_BG"
7774,"CS_03.5.2","NA_BG"
7774,"CS_03.5.3","NA_BG"
7774,"CS_03.5.4","NA_BG"
7774,"CS_03.5.5","NA_BG"
7774,"CS_03.5.6","NA_BG"
7774,"CS_03.6.4","NA_BG"
7774,"CS_03.6.5","NA_BG"
7774,"CS_03.6.7","NA_BG"
7774,"CS_03.8.1","NA_BG"
7774,"CS_03.8.3","NA_BG"
7774,"CS_03.8.5","NA_BG"
7774,"CS_03.8.6","NA_BG"
7774,"EN_3.1","NA_BG"
7774,"EN_3.4","NA_BG"
7774,"EN_3.5","NA_BG"
7774,"EN_3.6","NA_BG"
7774,"EN_4.3","NA_BG"
7778,"EN_5.5","NA_BG"
7860,"CO_05.2","NA_BG"
7860,"CS_03.1.3","NA_BG"
7860,"EN_2.2","NA_BG"
7860,"EN_3.2","NA_BG"
7872,"CO_04.4","NA_BG"
7872,"CO_04.5","NA_BG"
7880,"EN_3.2","NA_BG"
8074,"CO_03.4","NA_BG"
8104,"EN_1.6","NA_BG"
8106,"EN_1.6","NA_BG"
8114,"EN_3.1","NA_BG"
8170,"CO_08.13","NA_BG"
8170,"CO_08.2","NA_BG"
8176,"EN_3.2","NA_BG"
13609,"EN_5.7","NA_BG"
13637,"EN_1.3","NA_BG"
13637,"EN_1.4","NA_BG"
13637,"EN_1.5","NA_BG"
13637,"EN_1.6","NA_BG"
13637,"EN_3.1","NA_BG"
13637,"EN_3.3","NA_BG"
13637,"EN_3.6","NA_BG"
13637,"EN_3.7","NA_BG"
13637,"EN_5.6","NA_BG"
14069,"CS_03.1.3","NA_BG"
14069,"CS_03.1.4","NA_BG"
14069,"CS_03.3.4","NA_BG"
14069,"CS_03.3.6","NA_BG"
14069,"EN_3.2","NA_BG"
18189,"CS_03.1.2","NA_BG"
18189,"CS_03.1.3","NA_BG"
18189,"CS_03.1.6","NA_BG"
18189,"CS_03.1.7","NA_BG"
18189,"CS_03.2.5","NA_BG"
18189,"CS_03.3.4","NA_BG"
18672,"CS_03.2.4","NA_BG"
18672,"EN_1.5","NA_BG"
18672,"EN_5.4","NA_BG"
18700,"CS_03.2.4","NA_BG"
18700,"EN_1.1","NA_BG"
18700,"EN_1.6","NA_BG"
18700,"EN_5.4","NA_BG"
18889,"CS_03.9.5","NA_BG"
18889,"CS_03.9.6","NA_BG"
18889,"EN_1.3","NA_BG"
18889,"EN_3.1","NA_BG"
18889,"EN_5.6","NA_BG"
18895,"CS_03.9.4","NA_BG"
18960,"EN_3.1","NA_BG"
18960,"EN_3.3","NA_BG"
18967,"CS_03.6.4","NA_BG"
19540,"CO_08.12","NA_BG"
19540,"CO_08.5","NA_BG"
20058,"EN_4.1","NA_BG"
20058,"EN_4.3","NA_BG"
20058,"EN_5.7","NA_BG"
20063,"EN_3.2","NA_BG"
22099,"CO_08.2","NA_BG"
22940,"EN_1.3","NA_BG"
22940,"EN_1.4","NA_BG"
22940,"EN_5.7","NA_BG"
22949,"CS_03.8.1","NA_BG"
22949,"CS_03.8.3","NA_BG"
22949,"CS_03.8.4","NA_BG"
22954,"CS_03.8.1","NA_BG"
22954,"CS_03.8.3","NA_BG"
22954,"CS_03.8.4","NA_BG"
22965,"CS_03.7.3","NA_BG"
22965,"CS_03.8.1","NA_BG"
22967,"CS_03.7.3","NA_BG"
22967,"CS_03.8.1","NA_BG"
23288,"EN_6.4","NA_BG"
23290,"EN_1.4","NA_BG"
23292,"EN_5.7","NA_BG"
25044,"CO_03.2","NA_BG"
25044,"CO_03.3","NA_BG"
25044,"CS_03.1.3","NA_BG"
25044,"CS_03.1.4","NA_BG"
25044,"CS_03.1.6","NA_BG"
25044,"CS_03.2.1","NA_BG"
25044,"CS_03.3.1","NA_BG"
25044,"CS_03.3.4","NA_BG"
25203,"CO_02.5","NA_BG"
25205,"CO_02.2","NA_BG"
25205,"CO_02.4","NA_BG"
25233,"CS_03.9.1","NA_BG"
25233,"EN_1.3","NA_BG"
25235,"CO_02.3","NA_BG"
25235,"CO_02.4","NA_BG"
25237,"CO_02.2","NA_BG"
25237,"CO_02.3","NA_BG"
25237,"CO_02.4","NA_BG"
25237,"CO_02.5","NA_BG"
25269,"CO_02.2","NA_BG"
25269,"CO_02.3","NA_BG"
25269,"CO_02.4","NA_BG"
25269,"CO_02.5","NA_BG"
25273,"CO_02.2","NA_BG"
25273,"CO_02.3","NA_BG"
25273,"CO_02.4","NA_BG"
25273,"CO_02.5","NA_BG"
25273,"EN_5.2","NA_BG"
25275,"CO_02.4","NA_BG"
25303,"CO_02.2","NA_BG"
25303,"CO_02.3","NA_BG"
25303,"CO_02.4","NA_BG"
25303,"CO_02.5","NA_BG"
25354,"CS_03.1.3","NA_BG"
25354,"CS_03.1.4","NA_BG"
25354,"CS_03.1.5","NA_BG"
25354,"CS_03.1.7","NA_BG"
25354,"CS_03.1.9","NA_BG"
25354,"CS_03.2.4","NA_BG"
25354,"CS_03.2.5","NA_BG"
25354,"CS_03.3.1","NA_BG"
25354,"CS_03.3.6","NA_BG"
25354,"CS_03.4.1","NA_BG"
25354,"CS_03.4.2","NA_BG"
25354,"CS_03.4.3","NA_BG"
25354,"CS_03.4.4","NA_BG"
25354,"CS_03.5.1","NA_BG"
25354,"CS_03.5.2","NA_BG"
25354,"CS_03.5.3","NA_BG"
25354,"CS_03.5.4","NA_BG"
25354,"CS_03.5.5","NA_BG"
25354,"CS_03.5.6","NA_BG"
25354,"CS_03.9.1","NA_BG"
25354,"CS_03.9.4","NA_BG"
25354,"CS_03.9.5","NA_BG"
25354,"CS_03.9.7","NA_BG"
25354,"EN_3.1","NA_BG"
25354,"EN_3.3","NA_BG"
25354,"EN_3.5","NA_BG"
25354,"EN_3.6","NA_BG"
25354,"EN_3.7","NA_BG"
25354,"EN_4.1","NA_BG"
25354,"EN_4.3","NA_BG"
26891,"CS_03.1.3","NA_BG"
26891,"CS_03.1.6","NA_BG"
26891,"CS_03.2.1","NA_BG"
26891,"CS_03.6.7","NA_BG"
26891,"EN_6.4","NA_BG"
27069,"CS_03.9.6","NA_BG"
27069,"EN_5.6","NA_BG"
27069,"EN_5.9","NA_BG"
27121,"CO_03.4","NA_BG"
27121,"CO_03.5","NA_BG"
27121,"EN_5.3","NA_BG"
27878,"EN_5.3","NA_BG"
27915,"CO_09.1","NA_BG"
27915,"CO_09.2","NA_BG"
28433,"EN_3.1","NA_BG"
28433,"EN_3.2","NA_BG"
28433,"EN_3.3","NA_BG"
28433,"EN_3.4","NA_BG"
28439,"EN_5.4","NA_BG"
29475,"EN_5.5","NA_BG"
34632,"CO_08.8","NA_BG"
34796,"EN_5","NA_BG"
35847,"CO_07.3","NA_BG"
35851,"EN_5.5","NA_BG"
36129,"CS_03.1.3","NA_BG"
36129,"EN_3.2","NA_BG"
36712,"EN_5.1","NA_BG"
36712,"EN_5.2","NA_BG"
36712,"EN_5.4","NA_BG"
36781,"CO_09.1","NA_BG"
36781,"CO_6.3.3","NA_BG"
36887,"CO_06.3","NA_BG"
36887,"CO_09.2","NA_BG"
36887,"CO_6.3.8","NA_BG"
36889,"CO_06.1","NA_BG"
36889,"CO_06.1.1","NA_BG"
36889,"CO_06.3","NA_BG"
37661,"CO_07.3","NA_BG"
37671,"CO_07.3","NA_BG"
37691,"CO_02.2","NA_BG"
37699,"CO_07.3","NA_BG"
37703,"CO_07.3","NA_BG"
37712,"CO_07.3","NA_BG"
37790,"CS_03.1.2","NA_BG"
37790,"CS_03.1.3","NA_BG"
37793,"CS_03.5.3","NA_BG"
37933,"CO_08.6","NA_BG"
38333,"EN_4.3","NA_BG"
39445,"CS_03.8.5","NA_BG"
39450,"CS_03.5.1","NA_BG"
39450,"EN_3.1","NA_BG"
39454,"EN_3.2","NA_BG"
39457,"EN_3.2","NA_BG"
39468,"EN_5.5","NA_BG"
39646,"EN_3.1","NA_BG"
40384,"CS_03.1.5","NA_BG"
40446,"CS_03.8.4","NA_BG"
40604,"EN_1.2","NA_BG"
40648,"CS_03.5.1","NA_BG"
40648,"CS_03.5.3","NA_BG"
40648,"EN_3.1","NA_BG"
40661,"CS_03.1.4","NA_BG"
40661,"CS_03.1.9","NA_BG"
40661,"CS_03.2.6","NA_BG"
40808,"EN_1.3","NA_BG"
40808,"EN_1.4","NA_BG"
40808,"EN_5.6","NA_BG"
41227,"EN_1.3","NA_BG"
41227,"EN_1.4","NA_BG"
41229,"EN_4.1","NA_BG"
41229,"EN_5.7","NA_BG"
41612,"EN_5.4","NA_BG"
42709,"CO_02.2","NA_BG"
42709,"CO_02.3","NA_BG"
42876,"CS_03.1.2","NA_BG"
42876,"CS_03.1.3","NA_BG"
42876,"CS_03.1.4","NA_BG"
42876,"CS_03.1.5","NA_BG"
42879,"CS_03.1.2","NA_BG"
42879,"CS_03.1.3","NA_BG"
42879,"CS_03.1.4","NA_BG"
42879,"CS_03.1.5","NA_BG"
43483,"CO_6.3.3","NA_BG"
43485,"CS_03.1.9","NA_BG"
43485,"CS_03.2.6","NA_BG"
43485,"CS_03.3.1","NA_BG"
43485,"CS_03.3.6","NA_BG"
45069,"CO_01.8.4","NA_BG"
45069,"EN_5.7","NA_BG"
45098,"CO_06.5","NA_BG"
45119,"CO_06.2","NA_BG"
45942,"CS_03.9.5","NA_BG"
45942,"CS_03.9.6","NA_BG"
45942,"EN_1.4","NA_BG"
45942,"EN_1.5","NA_BG"
45942,"EN_1.6","NA_BG"
45942,"EN_5.7","NA_BG"
45953,"CO_06.4","NA_BG"
45953,"EN_1.3","NA_BG"
45953,"EN_1.6","NA_BG"
46017,"EN_2.2","NA_BG"
46333,"CS_03.8.1","NA_BG"
46333,"CS_03.8.2","NA_BG"
46333,"CS_03.8.7","NA_BG"
46703,"CO_09.1","NA_BG"
46703,"EN_5.5","NA_BG"
47111,"CO_08.4","NA_BG"
47151,"CO_08.6","NA_BG"
47461,"CS_03.5.4","NA_BG"
47521,"CS_03.8.4","NA_BG"
47523,"CS_03.8.4","NA_BG"
47534,"CS_03.5.1","NA_BG"
47534,"EN_3.1","NA_BG"
48073,"EN_5.5","NA_BG"
48095,"EN_3.4","NA_BG"
48704,"CO_01.8.4","NA_BG"
48704,"CO_03.3","NA_BG"
48704,"CO_09.1","NA_BG"
50121,"EN_3.4","NA_BG"
50121,"EN_4.2","NA_BG"
50749,"CS_03.1.6","NA_BG"
50749,"CS_03.9.1","NA_BG"
50749,"CS_03.9.2","NA_BG"
50749,"CS_03.9.7","NA_BG"
50751,"CS_03.1.3","NA_BG"
50751,"CS_03.1.6","NA_BG"
50751,"CS_03.1.8","NA_BG"
50751,"CS_03.2.1","NA_BG"
50751,"CS_03.2.5","NA_BG"
50751,"CS_03.6.7","NA_BG"
50751,"EN_6.4","NA_BG"
50814,"EN_3.1","NA_BG"
50824,"EN_5.5","NA_BG"
50840,"CO_08.9.1","NA_BG"
51047,"CO_08.8","NA_BG"
51099,"CS_03.8.4","NA_BG"
51161,"CO_07.3","NA_BG"
51161,"CS_03.3.6","NA_BG"
51161,"CS_03.4.1","NA_BG"
51161,"CS_03.4.2","NA_BG"
51161,"CS_03.4.3","NA_BG"
51161,"CS_03.5.1","NA_BG"
51161,"CS_03.5.2","NA_BG"
51163,"CS_03.2.5","NA_BG"
51163,"CS_03.3.6","NA_BG"
51163,"CS_03.4.4","NA_BG"
51194,"CS_03.4.4","NA_BG"
51194,"CS_03.6.7","NA_BG"
51200,"EN_5.7","NA_BG"
51204,"EN_3.5","NA_BG"
51342,"EN_3.1","NA_BG"
51342,"EN_4.1","NA_BG"
51366,"EN_5.5","NA_BG"
51579,"CS_03.1.4","NA_BG"
51579,"CS_03.8.4","NA_BG"
51863,"CO_04.2","NA_BG"
51935,"CS_03.1.5","NA_BG"
51935,"EN_3.2","NA_BG"
52557,"CS_03.2.5","NA_BG"
52557,"CS_03.4.4","NA_BG"
53081,"CO_08.6","NA_BG"
54007,"CS_03.6.4","NA_BG"
54024,"CS_03.5.1","NA_BG"
54024,"CS_03.5.2","NA_BG"
54024,"CS_03.5.3","NA_BG"
54024,"CS_03.5.4","NA_BG"
54024,"CS_03.5.5","NA_BG"
56565,"CS_03.1.3","NA_BG"
56930,"CO_02.1","NA_BG"
57208,"CO_03.3","NA_BG"
57208,"CS_03.1.6","NA_BG"
57210,"CO_03.3","NA_BG"
57505,"CO_03","NA_BG"
57521,"EN_3.2","NA_BG"
57593,"CS_03.1.3","NA_BG"
57746,"CS_03.1.3","NA_BG"
57746,"CS_03.1.4","NA_BG"
57746,"CS_03.1.5","NA_BG"
57746,"CS_03.1.6","NA_BG"
57746,"CS_03.1.7","NA_BG"
57746,"CS_03.1.8","NA_BG"
57746,"CS_03.2.2","NA_BG"
57746,"CS_03.2.3","NA_BG"
57746,"CS_03.3.4","NA_BG"
57848,"EN_1.2","NA_BG"
57848,"EN_1.6","NA_BG"
57893,"CO_01.8.1","NA_BG"
57893,"CO_03.1","NA_BG"
57893,"CO_04.3","NA_BG"
57893,"CO_05.3","NA_BG"
57893,"CO_09.1","NA_BG"
57893,"CO_09.2","NA_BG"
57893,"CS_03.2.3","NA_BG"
57893,"CS_03.4.3","NA_BG"
57893,"CS_03.8.7","NA_BG"
57893,"EN_5.4","NA_BG"
58064,"CO_03.2","NA_BG"
58064,"CO_03.3","NA_BG"
58200,"EN_5.7","NA_BG"
58253,"CO_06.6","NA_BG"
58431,"EN_5.4","NA_BG"
58618,"EN_5.4","NA_BG"
58671,"CS_03.1.3","NA_BG"
58671,"CS_03.1.4","NA_BG"
58671,"CS_03.1.5","NA_BG"
58671,"CS_03.1.6","NA_BG"
58671,"CS_03.1.8","NA_BG"
58671,"CS_03.2.1","NA_BG"
58671,"CS_03.3.4","NA_BG"
58671,"CS_03.3.6","NA_BG"
58671,"CS_03.6.4","NA_BG"
58671,"CS_03.6.5","NA_BG"
58671,"EN_3.2","NA_BG"
59530,"CO_03.1","NA_BG"
59539,"CS_03.1.3","NA_BG"
59616,"CS_03.8.4","NA_BG"
59620,"CS_03.8.4","NA_BG"
59623,"CS_03.8.4","NA_BG"
59632,"CS_03.6.1","NA_BG"
59632,"EN_5.7","NA_BG"
59634,"CS_03.1.3","NA_BG"
59664,"EN_5.6","NA_BG"
60483,"CO_06.6","NA_BG"
60650,"EN_6.2","NA_BG"
60755,"EN_3.2","NA_BG"
60816,"EN_3.2","NA_BG"
61342,"CO_03.6","NA_BG"
61574,"CS_03.1.7","NA_BG"
61574,"CS_03.6.1","NA_BG"
61739,"CS_03.1.3","NA_BG"
61772,"EN_5.5","NA_BG"
61809,"CS_03.6.1","NA_BG"
61809,"EN_5.7","NA_BG"
62175,"CO_03.2","NA_BG"
62175,"CO_03.3","NA_BG"
62428,"CS_03.3.4","NA_BG"
62566,"CS_03.1.4","NA_BG"
62566,"CS_03.3.6","NA_BG"
62566,"CS_03.5.1","NA_BG"
62566,"CS_03.5.2","NA_BG"
62566,"CS_03.9.1","NA_BG"
62607,"EN_4.1","NA_BG"
62648,"EN_4.1","NA_BG"
62818,"EN_3.4","NA_BG"
62818,"EN_3.5","NA_BG"
62824,"EN_4.2","NA_BG"
62828,"EN_3.2","NA_BG"
62836,"CS_03.1.3","NA_BG"
62838,"CS_03.3.4","NA_BG"
63234,"CS_03.1.3","NA_BG"
63265,"EN_1.5","NA_BG"
63267,"CS_03.8.4","NA_BG"
63275,"CS_03.5.4","NA_BG"
63275,"CS_03.5.5","NA_BG"
63286,"EN_4.1","NA_BG"
63317,"CS_03.8.3","NA_BG"
63317,"EN_5.4","NA_BG"
63400,"CS_03.2","NA_BG"
63400,"CS_03.3.4","NA_BG"
63458,"CO_03.3","NA_BG"
63458,"CO_03.4","NA_BG"
63542,"CS_03.8.4","NA_BG"
64158,"CS_03.8.4","NA_BG"
64185,"CO_03.2","NA_BG"
64185,"CO_03.3","NA_BG"
64686,"EN_4.2","NA_BG"
64692,"CO_03.2","NA_BG"
64692,"CO_03.3","NA_BG"
64710,"CO_06.6","NA_BG"
64735,"CS_03.5.5","NA_BG"
65155,"EN_5.8","NA_BG"
65184,"CO_07.3","NA_BG"
65194,"CO_10.1","NA_BG"
65194,"CO_10.2","NA_BG"
65194,"CO_10.3","NA_BG"
65296,"EN_5.9","NA_BG"
65299,"CS_03.1.3","NA_BG"
65305,"EN_3.2","NA_BG"
65352,"CS_03.8.8","NA_BG"
66531,"CO_10.2","NA_BG"
66531,"CO_10.3","NA_BG"
66531,"CS_03.4.4","NA_BG"
66533,"CO_10.1","NA_BG"
66533,"CO_10.2","NA_BG"
66533,"CO_10.3","NA_BG"
66545,"CO_10.2","NA_BG"
66558,"CO_10.2","NA_BG"
66558,"CS_03.8.2","NA_BG"
67358,"CS_03.2.4","NA_BG"
67358,"EN_5.4","NA_BG"
67853,"CS_03.1.5","NA_BG"
67982,"EN_3.2","NA_BG"
68037,"CO_10.2","NA_BG"
68045,"CO_10.2","NA_BG"
68048,"CO_10.2","NA_BG"
68178,"CO_10.2","NA_BG"
68195,"EN_2.3","NA_BG"
68199,"EN_2.3","NA_BG"
68201,"EN_2.3","NA_BG"
68203,"EN_2.3","NA_BG"
68205,"EN_2.1","NA_BG"
68207,"EN_2.3","NA_BG"
68864,"CS_03.1.3","NA_BG"
69054,"CS_03.5.4","NA_BG"
69054,"CS_03.5.5","NA_BG"
69221,"EN_6.4","NA_BG"
72793,"CS_03.1.2","NA_BG"
72793,"CS_03.1.3","NA_BG"
72793,"CS_03.5.5","NA_BG"
72807,"CO_03.4","NA_BG"
72870,"CS_03.1.3","NA_BG"
72870,"CS_03.1.5","NA_BG"
73064,"EN_6.2","NA_BG"
73175,"CO_10.1","NA_BG"
73175,"CO_10.2","NA_BG"
73210,"CS_03.3.4","NA_BG"
73212,"CS_03.1.4","NA_BG"
73253,"EN_1.4","NA_BG"
73291,"CS_03.1.5","NA_BG"
73291,"CS_03.1.7","NA_BG"
73291,"CS_03.1.8","NA_BG"
73291,"CS_03.5.1","NA_BG"
73291,"CS_03.5.3","NA_BG"
73293,"CO_08.8","NA_BG"
73423,"CS_03.9.3","NA_BG"
73423,"CS_03.9.5","NA_BG"
73425,"EN_2.1","NA_BG"
73436,"EN_5.4","NA_BG"
73618,"EN_5.3","NA_BG"
73622,"EN_1.2","NA_BG"
73814,"EN_2.1","NA_BG"
73814,"EN_2.2","NA_BG"
73814,"EN_5.4","NA_BG"
73857,"EN_5.5","NA_BG"
73896,"CS_03.8.7","NA_BG"
74319,"CO_08.4","NA_BG"
74355,"EN_3.2","NA_BG"
74380,"CS_03.1.3","NA_BG"
74383,"CS_03.1.3","NA_BG"
74383,"CS_03.1.5","NA_BG"
74383,"CS_03.1.6","NA_BG"
74383,"CS_03.6.1","NA_BG"
74383,"CS_03.6.2","NA_BG"
74383,"CS_03.6.3","NA_BG"
74383,"CS_03.6.4","NA_BG"
74383,"CS_03.6.5","NA_BG"
74383,"CS_03.6.6","NA_BG"
74383,"CS_03.6.7","NA_BG"
74383,"CS_03.7.1","NA_BG"
74383,"CS_03.7.2","NA_BG"
74383,"CS_03.7.3","NA_BG"
74383,"CS_03.7.4","NA_BG"
74731,"CO_03.3","NA_BG"
74737,"CO_08.4","NA_BG"
74746,"EN_5.4","NA_BG"
74780,"CS_03.1.3","NA_BG"
74782,"CS_03.3.4","NA_BG"
74782,"EN_5.4","NA_BG"
74805,"EN_1.4","NA_BG"
74807,"CO_08.8","NA_BG"
74811,"CO_03.3","NA_BG"
74836,"EN_5.7","NA_BG"
74874,"CO_03.4","NA_BG"
74874,"CO_03.5","NA_BG"
74952,"CS_03.1.3","NA_BG"
74952,"CS_03.1.7","NA_BG"
74952,"CS_03.1.9","NA_BG"
74952,"CS_03.2.6","NA_BG"
74952,"CS_03.3.4","NA_BG"
74952,"CS_03.3.6","NA_BG"
74958,"EN_5.7","NA_BG"
75045,"CO_01.3","NA_BG"
75045,"CO_08.6","NA_BG"
75049,"CO_01.3","NA_BG"
75049,"CO_08.6","NA_BG"
75059,"CO_10.1","NA_BG"
75102,"EN_4.2","NA_BG"
75109,"CO_04.7","NA_BG"
75120,"CO_08.8","NA_BG"
75151,"CO_10.2","NA_BG"
75154,"EN_3.1","NA_BG"
75157,"EN_3.1","NA_BG"
75160,"EN_3.1","NA_BG"
75163,"EN_3.1","NA_BG"
75166,"EN_3.1","NA_BG"
75169,"EN_3.1","NA_BG"
75315,"CO_03.3","NA_BG"
75317,"CS_03.1.2","NA_BG"
75317,"CS_03.1.4","NA_BG"
75317,"CS_03.1.6","NA_BG"
75317,"CS_03.1.7","NA_BG"
75317,"CS_03.1.8","NA_BG"
75317,"CS_03.2.2","NA_BG"
75317,"CS_03.2.3","NA_BG"
75317,"CS_03.2.4","NA_BG"
75317,"CS_03.2.5","NA_BG"
75323,"CS_03.6.1","NA_BG"
75332,"CS_03.1.9","NA_BG"
75332,"CS_03.2.6","NA_BG"
75332,"CS_03.2.7","NA_BG"
75332,"CS_03.3.1","NA_BG"
75332,"CS_03.3.2","NA_BG"
75332,"CS_03.3.5","NA_BG"
75332,"CS_03.3.6","NA_BG"
75332,"CS_03.3.8","NA_BG"
75371,"CS_03.5.1","NA_BG"
75371,"CS_03.5.2","NA_BG"
75371,"CS_03.9.1","NA_BG"
75382,"CS_03.1.4","NA_BG"
75382,"CS_03.4.3","NA_BG"
75382,"CS_03.4.4","NA_BG"
75384,"CS_03.8.4","NA_BG"
75386,"CO_03.3","NA_BG"
75388,"CS_03.5.6","NA_BG"
75390,"CS_03.2","NA_BG"
75392,"CO_03.3","NA_BG"
75392,"CS_03.1.3","NA_BG"
75392,"CS_03.1.4","NA_BG"
75392,"CS_03.3.4","NA_BG"
75392,"CS_03.3.6","NA_BG"
75926,"CO_01.8.2","NA_BG"
75932,"CO_02.2","NA_BG"
78888,"CS_03.1.4","NA_BG"
78888,"CS_03.8.4","NA_BG"
78901,"CO_6.3.6","NA_BG"
78903,"CO_08.13","NA_BG"
78955,"CS_03.2.5","NA_BG"
78955,"CS_03.3.6","NA_BG"
78957,"CS_03.3.4","NA_BG"
78979,"CO_10.1","NA_BG"
78979,"CO_10.2","NA_BG"
78979,"CO_10.3","NA_BG"
78984,"EN_5.4","NA_BG"
78995,"CO_01.3","NA_BG"
78995,"EN_5.4","NA_BG"
79012,"CS_03.1.2","NA_BG"
79051,"CO_01.3","NA_BG"
79078,"CO_03.2","NA_BG"
79080,"CO_03.2","NA_BG"
79203,"CS_03.1.3","NA_BG"
79203,"CS_03.1.5","NA_BG"
79218,"CO_03.2","NA_BG"
79220,"CO_03.2","NA_BG"
79220,"CO_03.3","NA_BG"
79249,"EN_2.1","NA_BG"
79281,"CO_03.3","NA_BG"
79281,"CO_09.1","NA_BG"
79286,"EN_5.5","NA_BG"
79294,"EN_1.4","NA_BG"
79374,"EN_3.2","NA_BG"
79374,"EN_3.6","NA_BG"
79490,"CS_03.1.2","NA_BG"
79495,"CS_03.1.2","NA_BG"
79507,"CO_03.3","NA_BG"
79507,"CO_09.1","NA_BG"
79515,"CO_03.4","NA_BG"
79601,"CO_10.2","NA_BG"
79658,"EN_1.6","NA_BG"
79661,"CS_03.1.5","NA_BG"
79661,"CS_03.3.4","NA_BG"
79770,"EN_3.2","NA_BG"
79803,"CS_03.8.4","NA_BG"
79806,"CO_07.2","NA_BG"
79806,"CS_03.5.1","NA_BG"
79806,"EN_3.1","NA_BG"
79815,"CO_03.2","NA_BG"
79815,"CO_03.3","NA_BG"
159718,"CS_03.8.5","NA_BG"
159881,"CO_03.3","NA_BG"
159927,"CS_03.9.1","NA_BG"
159927,"CS_03.9.2","NA_BG"
159927,"CS_03.9.7","NA_BG"
159966,"CO_10","NA_BG"
159981,"CO_03.5","NA_BG"
159996,"CS_03.5.4","NA_BG"
159996,"CS_03.5.5","NA_BG"
159999,"CS_03.8.4","NA_BG"
160080,"CS_03.6.2","NA_BG"
160080,"CS_03.6.3","NA_BG"
160175,"CO_03.1","NA_BG"
160192,"CS_03.6.2","NA_BG"
160192,"CS_03.6.3","NA_BG"
160409,"EN_4.2","NA_BG"
160419,"EN_4.2","NA_BG"
160421,"EN_4.2","NA_BG"
160545,"EN_2.2","NA_BG"
160548,"CO_01.8.1","NA_BG"
160548,"CO_01.8.2","NA_BG"
160548,"CS_03.6.3","NA_BG"
160572,"EN_5.7","NA_BG"
160600,"EN_4.1","NA_BG"
160607,"EN_1.3","NA_BG"
160788,"CO_03.2","NA_BG"
160854,"EN_3.4","NA_BG"
160854,"EN_3.5","NA_BG"
160891,"CO_06.6","NA_BG"
160899,"CO_01.2","NA_BG"
160977,"CO_05.5","NA_BG"
161058,"CS_03.8.3","NA_BG"
161060,"EN_3.5","NA_BG"
162062,"CO_08.4","NA_BG"
162146,"CO_08.6","NA_BG"
162230,"CO_08.13","NA_BG"
162314,"CO_08.2","NA_BG"
162398,"CO_08.10","NA_BG"
162487,"CO_08.8","NA_BG"
162492,"CS_03.8.3","NA_BG"
162746,"EN_2.4","NA_BG"
162764,"CS_03.1.2","NA_BG"
162764,"CS_03.1.3","NA_BG"
162764,"CS_03.1.6","NA_BG"
162764,"CS_03.1.7","NA_BG"
162764,"CS_03.2.5","NA_BG"
162764,"CS_03.3.4","NA_BG"
162907,"CO_03.1","NA_BG"
162913,"CO_03.1","NA_BG"
163550,"CO_6.3.6","NA_BG"
163622,"EN_5.6","NA_BG"
